{
	"pattrstorage" : 	{
		"name" : "khushi",
		"slots" : 		{
			"1" : 			{
				"id" : 1,
				"data" : 				{
					"grabbr::grabbrcontrols::vdevnum[1]" : [ 0 ],
					"grabbr::grabbrcontrols::viewsize" : [ 0.0 ],
					"grabbr::grabbrcontrols::formatnum[1]" : [ 0 ],
					"alphablendr::blendmode1" : [ 0.0 ],
					"alphablendr::alphacontrast" : [ 0.181102362204725 ],
					"playr::playercontrols::play-mult" : [ 0 ],
					"playr::playercontrols::Playback_range" : [ 0.0, 1.0 ],
					"playr::playercontrols::Speed_hi" : [ 1.0 ],
					"playr::playercontrols::Speed_low" : [ 1.0 ],
					"vz.slidr::up" : [ 0.0 ],
					"vz.slidr::down" : [ 96.0 ],
					"vz.slidr[1]::up" : [ 0.0 ],
					"vz.slidr[1]::down" : [ 96.0 ],
					"2toner[2]::color1" : [ 0.223958578058779, 0.081536733086382, 0.087865063158608, 1.0, 0.992156862745098, 0.482352941176471, 0.152941176470588 ],
					"2toner[2]::color12" : [ 0.891057769739318, 0.487971517774794, 1.0, 1.0, 0.797872340425532, 1.0, 0.743985758887397 ],
					"2toner[2]::saturation1" : [ 1.0 ],
					"2toner[2]::saturation2[1]" : [ 1.0 ],
					"vz.husalir::saturation-val[1]" : [ 3.834645669291341 ],
					"vz.husalir::lightness-val" : [ 1.629921259842519 ],
					"vz.husalir::hue-val[1]" : [ 2.771653543307087 ],
					"mixfadr[2]::operator" : [ 12.0 ],
					"mixfadr[2]::xfade-value" : [ 0.4 ],
					"vz.slidr[2]::up" : [ 54.0 ],
					"vz.slidr[2]::down" : [ 21.0 ],
					"playr[1]::playercontrols::play-mult" : [ 0 ],
					"playr[1]::playercontrols::Playback_range" : [ 0.0, 1.0 ],
					"playr[1]::playercontrols::Speed_hi" : [ 1.0 ],
					"playr[1]::playercontrols::Speed_low" : [ 1.0 ]
				}

			}
,
			"2" : 			{
				"id" : 2,
				"data" : 				{
					"grabbr::grabbrcontrols::vdevnum[1]" : [ 0 ],
					"grabbr::grabbrcontrols::viewsize" : [ 0.0 ],
					"grabbr::grabbrcontrols::formatnum[1]" : [ 0 ],
					"alphablendr::blendmode1" : [ 0.0 ],
					"alphablendr::alphacontrast" : [ 0.181102362204725 ],
					"playr::playercontrols::play-mult" : [ 0 ],
					"playr::playercontrols::Playback_range" : [ 0.0, 1.0 ],
					"playr::playercontrols::Speed_hi" : [ 1.0 ],
					"playr::playercontrols::Speed_low" : [ 1.0 ],
					"vz.slidr::up" : [ 0.0 ],
					"vz.slidr::down" : [ 96.0 ],
					"vz.slidr[1]::up" : [ 0.0 ],
					"vz.slidr[1]::down" : [ 96.0 ],
					"2toner[2]::color1" : [ 0.332856155873745, 0.378549439367503, 0.301845401665664, 1.0, 0.266666666666667, 0.113725490196078, 0.337254901960784 ],
					"2toner[2]::color12" : [ 0.634324549501387, 0.876860406663683, 0.0, 1.0, 0.212765957446809, 1.0, 0.438430203331841 ],
					"2toner[2]::saturation1" : [ 1.0 ],
					"2toner[2]::saturation2[1]" : [ 1.0 ],
					"vz.husalir::saturation-val[1]" : [ 3.834645669291341 ],
					"vz.husalir::lightness-val" : [ 1.629921259842519 ],
					"vz.husalir::hue-val[1]" : [ 2.771653543307087 ],
					"mixfadr[2]::operator" : [ 18.0 ],
					"mixfadr[2]::xfade-value" : [ 0.4 ],
					"vz.slidr[2]::up" : [ 80.0 ],
					"vz.slidr[2]::down" : [ 72.0 ],
					"playr[1]::playercontrols::play-mult" : [ 0 ],
					"playr[1]::playercontrols::Playback_range" : [ 0.0, 1.0 ],
					"playr[1]::playercontrols::Speed_hi" : [ 1.0 ],
					"playr[1]::playercontrols::Speed_low" : [ 1.0 ]
				}

			}

		}

	}

}
